Local time,Open,High,Low,Close,Volume
30.01.2018 23:00:00.000 GMT+0100,4.15485,4.15877,4.14597,4.14998,36352.5898
31.01.2018 23:00:00.000 GMT+0100,4.14847,4.16011,4.13947,4.15038,35999.2797
01.02.2018 23:00:00.000 GMT+0100,4.15047,4.16944,4.14682,4.16617,36428.519799999995
02.02.2018 23:00:00.000 GMT+0100,4.16617,4.16617,4.16617,4.16617,0
03.02.2018 23:00:00.000 GMT+0100,4.16617,4.16617,4.16617,4.16617,0
04.02.2018 23:00:00.000 GMT+0100,4.16368,4.16808,4.14140,4.15757,33574.0694
05.02.2018 23:00:00.000 GMT+0100,4.15736,4.17180,4.14897,4.15433,40414.079600000005
06.02.2018 23:00:00.000 GMT+0100,4.15433,4.17028,4.14775,4.16728,33618.119999999995
07.02.2018 23:00:00.000 GMT+0100,4.16662,4.19107,4.16321,4.19037,38580.9702
08.02.2018 23:00:00.000 GMT+0100,4.18965,4.20277,4.17796,4.17875,35629.5401
09.02.2018 23:00:00.000 GMT+0100,4.17875,4.17875,4.17875,4.17875,0
10.02.2018 23:00:00.000 GMT+0100,4.17875,4.17875,4.17875,4.17875,0
11.02.2018 23:00:00.000 GMT+0100,4.17858,4.18697,4.16561,4.16727,40328.19
12.02.2018 23:00:00.000 GMT+0100,4.16717,4.17817,4.16278,4.16417,30441.399899999997
13.02.2018 23:00:00.000 GMT+0100,4.16438,4.18151,4.15177,4.15297,41190.4098
14.02.2018 23:00:00.000 GMT+0100,4.15327,4.16138,4.14171,4.15347,36399.62
15.02.2018 23:00:00.000 GMT+0100,4.15347,4.16447,4.14783,4.15384,38762.05010000001
16.02.2018 23:00:00.000 GMT+0100,4.15384,4.15384,4.15384,4.15384,0
17.02.2018 23:00:00.000 GMT+0100,4.15384,4.15384,4.15384,4.15384,0
18.02.2018 23:00:00.000 GMT+0100,4.15579,4.15677,4.12895,4.13237,27468.279900000005
19.02.2018 23:00:00.000 GMT+0100,4.12881,4.15117,4.12762,4.14797,31446.350199999993
20.02.2018 23:00:00.000 GMT+0100,4.14697,4.17426,4.14140,4.16807,37234.4501
21.02.2018 23:00:00.000 GMT+0100,4.16572,4.18758,4.15762,4.17637,36653.30009999999
22.02.2018 23:00:00.000 GMT+0100,4.17394,4.18239,4.16659,4.16659,40384.180100000005
23.02.2018 23:00:00.000 GMT+0100,4.16659,4.16659,4.16659,4.16659,0
24.02.2018 23:00:00.000 GMT+0100,4.16659,4.16659,4.16659,4.16659,0
25.02.2018 23:00:00.000 GMT+0100,4.16857,4.17532,4.16487,4.16767,38651.52
26.02.2018 23:00:00.000 GMT+0100,4.16724,4.17694,4.16398,4.17097,55878.05
27.02.2018 23:00:00.000 GMT+0100,4.17064,4.18218,4.16292,4.17497,43723.26010000001
28.02.2018 23:00:00.000 GMT+0100,4.17467,4.19270,4.17115,4.18287,50729.17979999999
01.03.2018 23:00:00.000 GMT+0100,4.17893,4.19938,4.17588,4.18282,47724.4704
02.03.2018 23:00:00.000 GMT+0100,4.18282,4.18282,4.18282,4.18282,0
03.03.2018 23:00:00.000 GMT+0100,4.18282,4.18282,4.18282,4.18282,0
04.03.2018 23:00:00.000 GMT+0100,4.18917,4.19913,4.18607,4.18849,40440.590099999994
05.03.2018 23:00:00.000 GMT+0100,4.18849,4.19369,4.17601,4.18638,37630.87009999999
06.03.2018 23:00:00.000 GMT+0100,4.18488,4.21409,4.18078,4.20762,54905.73969999999
07.03.2018 23:00:00.000 GMT+0100,4.20762,4.21513,4.20079,4.20208,60139.6204
08.03.2018 23:00:00.000 GMT+0100,4.20198,4.20562,4.18901,4.19095,55572.6101
09.03.2018 23:00:00.000 GMT+0100,4.19095,4.19095,4.19095,4.19095,0
10.03.2018 23:00:00.000 GMT+0100,4.19095,4.19095,4.19095,4.19095,0
11.03.2018 22:00:00.000 GMT+0100,4.18629,4.20662,4.18478,4.20317,41851.1101
12.03.2018 22:00:00.000 GMT+0100,4.20192,4.21531,4.19389,4.21117,33865.8403
13.03.2018 22:00:00.000 GMT+0100,4.21048,4.21531,4.19687,4.19947,41209.170300000005
14.03.2018 22:00:00.000 GMT+0100,4.19907,4.21802,4.19245,4.21098,37829.1798
15.03.2018 22:00:00.000 GMT+0100,4.21117,4.21846,4.19997,4.21317,30709.079699999995
16.03.2018 22:00:00.000 GMT+0100,4.21317,4.21317,4.21317,4.21317,0
17.03.2018 22:00:00.000 GMT+0100,4.21317,4.21317,4.21317,4.21317,0
18.03.2018 22:00:00.000 GMT+0100,4.21394,4.22351,4.20912,4.22307,35313.1496
19.03.2018 22:00:00.000 GMT+0100,4.22300,4.23207,4.21665,4.22895,24966.670199999997
20.03.2018 22:00:00.000 GMT+0100,4.22867,4.24288,4.22023,4.22847,31087.8002
21.03.2018 22:00:00.000 GMT+0100,4.22867,4.23158,4.21590,4.22208,41342.9997
22.03.2018 22:00:00.000 GMT+0100,4.22167,4.23437,4.21512,4.22164,48898.8904
23.03.2018 22:00:00.000 GMT+0100,4.22164,4.22164,4.22164,4.22164,0
24.03.2018 22:00:00.000 GMT+0100,4.22164,4.22164,4.22164,4.22164,0
25.03.2018 23:00:00.000 GMT+0200,4.22257,4.23285,4.21595,4.21987,59640.399600000004
26.03.2018 23:00:00.000 GMT+0200,4.22027,4.22218,4.20757,4.21037,41141.35970000001
27.03.2018 23:00:00.000 GMT+0200,4.21128,4.21448,4.20067,4.20218,45181.35
28.03.2018 23:00:00.000 GMT+0200,4.20197,4.21392,4.19650,4.20817,42134.2397
29.03.2018 23:00:00.000 GMT+0200,4.20803,4.21648,4.19560,4.19560,11405.46
30.03.2018 23:00:00.000 GMT+0200,4.19560,4.19560,4.19560,4.19560,0
31.03.2018 23:00:00.000 GMT+0200,4.19560,4.19560,4.19560,4.19560,0
01.04.2018 23:00:00.000 GMT+0200,4.20667,4.21652,4.20472,4.21067,19986.97
02.04.2018 23:00:00.000 GMT+0200,4.20347,4.21189,4.19108,4.19427,44765.86949999999
03.04.2018 23:00:00.000 GMT+0200,4.19437,4.21027,4.18643,4.19958,47244.29
04.04.2018 23:00:00.000 GMT+0200,4.19938,4.20737,4.19163,4.19327,40861.540100000006
05.04.2018 23:00:00.000 GMT+0200,4.19337,4.20188,4.19090,4.19518,40479.58
06.04.2018 23:00:00.000 GMT+0200,4.19518,4.19518,4.19518,4.19518,0
07.04.2018 23:00:00.000 GMT+0200,4.19518,4.19518,4.19518,4.19518,0
08.04.2018 23:00:00.000 GMT+0200,4.19438,4.20025,4.19064,4.19278,30385.1501
09.04.2018 23:00:00.000 GMT+0200,4.19278,4.20107,4.18539,4.18647,41367.6297
10.04.2018 23:00:00.000 GMT+0200,4.18738,4.19631,4.18117,4.18307,32910.9
11.04.2018 23:00:00.000 GMT+0200,4.18348,4.18981,4.17609,4.17728,35152.3498
12.04.2018 23:00:00.000 GMT+0200,4.17687,4.17928,4.16286,4.16427,33284.15020000001
13.04.2018 23:00:00.000 GMT+0200,4.16427,4.16427,4.16427,4.16427,0
14.04.2018 23:00:00.000 GMT+0200,4.16427,4.16427,4.16427,4.16427,0
15.04.2018 23:00:00.000 GMT+0200,4.16647,4.16877,4.14981,4.15157,42368.4699
16.04.2018 23:00:00.000 GMT+0200,4.15217,4.16362,4.14831,4.16238,33404.3401
17.04.2018 23:00:00.000 GMT+0200,4.16167,4.17340,4.16015,4.16277,29994.2601
18.04.2018 23:00:00.000 GMT+0200,4.16268,4.17040,4.15811,4.16618,31520.5498
19.04.2018 23:00:00.000 GMT+0200,4.16597,4.17538,4.15991,4.16857,31097.890100000008
20.04.2018 23:00:00.000 GMT+0200,4.16857,4.16857,4.16857,4.16857,0
21.04.2018 23:00:00.000 GMT+0200,4.16857,4.16857,4.16857,4.16857,0
22.04.2018 23:00:00.000 GMT+0200,4.16807,4.20506,4.16507,4.20037,32468.840000000004
23.04.2018 23:00:00.000 GMT+0200,4.20018,4.20981,4.19444,4.20577,30753.779999999995
24.04.2018 23:00:00.000 GMT+0200,4.20518,4.23845,4.20107,4.22679,37910.5901
25.04.2018 23:00:00.000 GMT+0200,4.22682,4.24032,4.22199,4.22677,33708.819800000005
26.04.2018 23:00:00.000 GMT+0200,4.22717,4.23388,4.20247,4.20247,30450.640199999998
27.04.2018 23:00:00.000 GMT+0200,4.20247,4.20247,4.20247,4.20247,0
28.04.2018 23:00:00.000 GMT+0200,4.20247,4.20247,4.20247,4.20247,0
29.04.2018 23:00:00.000 GMT+0200,4.20657,4.24162,4.20386,4.23598,32361.980499999998
30.04.2018 23:00:00.000 GMT+0200,4.23607,4.29215,4.23381,4.27327,33111.0202
01.05.2018 23:00:00.000 GMT+0200,4.25471,4.28378,4.25237,4.26698,42377.86020000001
02.05.2018 23:00:00.000 GMT+0200,4.26717,4.27958,4.25737,4.26378,28820.359999999997
03.05.2018 23:00:00.000 GMT+0200,4.26398,4.27748,4.23608,4.24421,23612.8799
04.05.2018 23:00:00.000 GMT+0200,4.24421,4.24421,4.24421,4.24421,0
05.05.2018 23:00:00.000 GMT+0200,4.24421,4.24421,4.24421,4.24421,0
06.05.2018 23:00:00.000 GMT+0200,4.23975,4.26232,4.23379,4.26007,35586.31000000001
07.05.2018 23:00:00.000 GMT+0200,4.25988,4.28831,4.25327,4.27978,31659.890100000004
08.05.2018 23:00:00.000 GMT+0200,4.27938,4.29662,4.25847,4.26197,31045.84
09.05.2018 23:00:00.000 GMT+0200,4.26177,4.26588,4.23477,4.24055,38957.2996
10.05.2018 23:00:00.000 GMT+0200,4.24052,4.26701,4.23608,4.26171,29425.8101
11.05.2018 23:00:00.000 GMT+0200,4.26171,4.26171,4.26171,4.26171,0
12.05.2018 23:00:00.000 GMT+0200,4.26171,4.26171,4.26171,4.26171,0
13.05.2018 23:00:00.000 GMT+0200,4.25914,4.27337,4.25325,4.26997,29173.320099999997
14.05.2018 23:00:00.000 GMT+0200,4.26827,4.30137,4.26297,4.29187,31972.3302
15.05.2018 23:00:00.000 GMT+0200,4.28559,4.29918,4.26928,4.27048,93851.58060000003
16.05.2018 23:00:00.000 GMT+0200,4.27048,4.29962,4.26784,4.29357,32125.3699
17.05.2018 23:00:00.000 GMT+0200,4.29378,4.30288,4.28407,4.29657,36290.429800000005
18.05.2018 23:00:00.000 GMT+0200,4.29657,4.29657,4.29657,4.29657,0
19.05.2018 23:00:00.000 GMT+0200,4.29657,4.29657,4.29657,4.29657,0
20.05.2018 23:00:00.000 GMT+0200,4.29172,4.31417,4.28794,4.28987,34754.7496
21.05.2018 23:00:00.000 GMT+0200,4.28987,4.29341,4.27040,4.28267,40898.180400000005
22.05.2018 23:00:00.000 GMT+0200,4.28138,4.31537,4.27596,4.29967,47967.2502
23.05.2018 23:00:00.000 GMT+0200,4.29987,4.31718,4.28868,4.30858,53451.31960000001
24.05.2018 23:00:00.000 GMT+0200,4.30838,4.31778,4.29527,4.30972,64113.260899999994
25.05.2018 23:00:00.000 GMT+0200,4.30972,4.30972,4.30972,4.30972,0
26.05.2018 23:00:00.000 GMT+0200,4.30972,4.30972,4.30972,4.30972,0
27.05.2018 23:00:00.000 GMT+0200,4.30997,4.31177,4.29347,4.30137,43148.56010000001
28.05.2018 23:00:00.000 GMT+0200,4.29040,4.33802,4.28175,4.33277,58920.29979999999
29.05.2018 23:00:00.000 GMT+0200,4.33297,4.34077,4.30277,4.30307,65247.64029999999
30.05.2018 23:00:00.000 GMT+0200,4.30287,4.32238,4.30117,4.31547,59494.6705
31.05.2018 23:00:00.000 GMT+0200,4.31607,4.32157,4.29763,4.29763,60528.24049999999
01.06.2018 23:00:00.000 GMT+0200,4.29763,4.29763,4.29763,4.29763,0
02.06.2018 23:00:00.000 GMT+0200,4.29763,4.29763,4.29763,4.29763,0
03.06.2018 23:00:00.000 GMT+0200,4.29475,4.30458,4.26834,4.27267,144882.379
04.06.2018 23:00:00.000 GMT+0200,4.27207,4.29047,4.26592,4.27987,59928.669699999984
05.06.2018 23:00:00.000 GMT+0200,4.27987,4.28402,4.26158,4.26537,55750.31999999999
06.06.2018 23:00:00.000 GMT+0200,4.26537,4.27926,4.25647,4.27208,60930.610100000005
07.06.2018 23:00:00.000 GMT+0200,4.27407,4.29467,4.26523,4.27227,53165.39030000001
08.06.2018 23:00:00.000 GMT+0200,4.27227,4.27227,4.27227,4.27227,0
09.06.2018 23:00:00.000 GMT+0200,4.27227,4.27227,4.27227,4.27227,0
10.06.2018 23:00:00.000 GMT+0200,4.27502,4.28008,4.25738,4.26247,50453.7805
11.06.2018 23:00:00.000 GMT+0200,4.26247,4.28262,4.25928,4.27957,93625.36940000001
12.06.2018 23:00:00.000 GMT+0200,4.27947,4.28383,4.26937,4.27327,62085.3698
13.06.2018 23:00:00.000 GMT+0200,4.27298,4.28647,4.26397,4.27948,71258.3097
14.06.2018 23:00:00.000 GMT+0200,4.27957,4.29043,4.27418,4.28158,53602.7605
15.06.2018 23:00:00.000 GMT+0200,4.28158,4.28158,4.28158,4.28158,0
16.06.2018 23:00:00.000 GMT+0200,4.28158,4.28158,4.28158,4.28158,0
17.06.2018 23:00:00.000 GMT+0200,4.27356,4.30637,4.27355,4.30178,54596.7804
18.06.2018 23:00:00.000 GMT+0200,4.30167,4.31918,4.29690,4.31127,66990.9202
19.06.2018 23:00:00.000 GMT+0200,4.30677,4.32019,4.30187,4.31397,54318.8996
20.06.2018 23:00:00.000 GMT+0200,4.31148,4.33252,4.30265,4.32237,73364.1805
21.06.2018 23:00:00.000 GMT+0200,4.32237,4.32881,4.30858,4.31817,55066.7099
22.06.2018 23:00:00.000 GMT+0200,4.31817,4.31817,4.31817,4.31817,0
23.06.2018 23:00:00.000 GMT+0200,4.31817,4.31817,4.31817,4.31817,0
24.06.2018 23:00:00.000 GMT+0200,4.31225,4.34931,4.29984,4.34138,60323.03
25.06.2018 23:00:00.000 GMT+0200,4.33997,4.34788,4.32957,4.33377,74630.38870000001
26.06.2018 23:00:00.000 GMT+0200,4.32898,4.35528,4.32044,4.35107,99839.59079999999
27.06.2018 23:00:00.000 GMT+0200,4.35098,4.36970,4.34685,4.36228,78331.3396
28.06.2018 23:00:00.000 GMT+0200,4.36247,4.37672,4.34956,4.36637,81677.12970000002
29.06.2018 23:00:00.000 GMT+0200,4.36637,4.36637,4.36637,4.36637,0
30.06.2018 23:00:00.000 GMT+0200,4.36637,4.36637,4.36637,4.36637,0
01.07.2018 23:00:00.000 GMT+0200,4.37017,4.41339,4.35921,4.39067,122410.33889999999
02.07.2018 23:00:00.000 GMT+0200,4.39068,4.41167,4.38461,4.39447,108393.81999999998
03.07.2018 23:00:00.000 GMT+0200,4.38491,4.40177,4.37503,4.38057,63072.789899999996
04.07.2018 23:00:00.000 GMT+0200,4.38029,4.38357,4.34852,4.35097,66161.6903
05.07.2018 23:00:00.000 GMT+0200,4.35067,4.36984,4.34658,4.35158,87238.4295
06.07.2018 23:00:00.000 GMT+0200,4.35158,4.35158,4.35158,4.35158,0
07.07.2018 23:00:00.000 GMT+0200,4.35158,4.35158,4.35158,4.35158,0
08.07.2018 23:00:00.000 GMT+0200,4.35377,4.35748,4.30852,4.31187,118279.93960000001
09.07.2018 23:00:00.000 GMT+0200,4.31097,4.33764,4.30677,4.31647,103400.2706
10.07.2018 23:00:00.000 GMT+0200,4.31428,4.34837,4.30627,4.33837,100471.37
11.07.2018 23:00:00.000 GMT+0200,4.33837,4.34178,4.31266,4.32177,82264.17060000001
12.07.2018 23:00:00.000 GMT+0200,4.32147,4.33118,4.30279,4.30592,73100.21059999999
13.07.2018 23:00:00.000 GMT+0200,4.30592,4.30592,4.30592,4.30592,0
14.07.2018 23:00:00.000 GMT+0200,4.30592,4.30592,4.30592,4.30592,0
15.07.2018 23:00:00.000 GMT+0200,4.30972,4.31577,4.29911,4.30058,135363.3295
16.07.2018 23:00:00.000 GMT+0200,4.30047,4.30913,4.28997,4.29547,91818.08039999999
17.07.2018 23:00:00.000 GMT+0200,4.29501,4.31324,4.29344,4.30487,98184.39999999998
18.07.2018 23:00:00.000 GMT+0200,4.30441,4.34126,4.30373,4.33288,120928.3099
19.07.2018 23:00:00.000 GMT+0200,4.33242,4.35076,4.31277,4.31454,92871.39019999998
20.07.2018 23:00:00.000 GMT+0200,4.31454,4.31454,4.31454,4.31454,0
21.07.2018 23:00:00.000 GMT+0200,4.31454,4.31454,4.31454,4.31454,0
22.07.2018 23:00:00.000 GMT+0200,4.31522,4.33097,4.31395,4.32468,62462.9899
23.07.2018 23:00:00.000 GMT+0200,4.32421,4.33548,4.29518,4.30177,82432.5405
24.07.2018 23:00:00.000 GMT+0200,4.30152,4.31041,4.28789,4.29598,72542.20960000002
25.07.2018 23:00:00.000 GMT+0200,4.29597,4.30127,4.28067,4.28387,69170.63980000002
26.07.2018 23:00:00.000 GMT+0200,4.28387,4.29737,4.27350,4.27998,63848.46030000001
27.07.2018 23:00:00.000 GMT+0200,4.27998,4.27998,4.27998,4.27998,0
28.07.2018 23:00:00.000 GMT+0200,4.27998,4.27998,4.27998,4.27998,0
29.07.2018 23:00:00.000 GMT+0200,4.27941,4.28774,4.26757,4.26947,73503.9696
30.07.2018 23:00:00.000 GMT+0200,4.26957,4.28217,4.26588,4.27507,64545.66989999999
31.07.2018 23:00:00.000 GMT+0200,4.27461,4.28268,4.25818,4.26027,60249.0699
01.08.2018 23:00:00.000 GMT+0200,4.25981,4.28417,4.25821,4.27352,56366.609899999996
02.08.2018 23:00:00.000 GMT+0200,4.27351,4.28108,4.25147,4.25817,62016.61000000001
03.08.2018 23:00:00.000 GMT+0200,4.25817,4.25817,4.25817,4.25817,0
04.08.2018 23:00:00.000 GMT+0200,4.25817,4.25817,4.25817,4.25817,0
05.08.2018 23:00:00.000 GMT+0200,4.25242,4.27617,4.25027,4.25807,57015.97020000001
06.08.2018 23:00:00.000 GMT+0200,4.25761,4.26025,4.24557,4.25777,58272.6305
07.08.2018 23:00:00.000 GMT+0200,4.25731,4.26498,4.25151,4.26207,41369.54980000001
08.08.2018 23:00:00.000 GMT+0200,4.26152,4.28003,4.25949,4.27487,57645.83959999999
09.08.2018 23:00:00.000 GMT+0200,4.27088,4.30467,4.26814,4.29057,118667.1802
10.08.2018 23:00:00.000 GMT+0200,4.29057,4.29057,4.29057,4.29057,0
11.08.2018 23:00:00.000 GMT+0200,4.29057,4.29057,4.29057,4.29057,0
12.08.2018 23:00:00.000 GMT+0200,4.30181,4.32195,4.27497,4.30087,83791.15
13.08.2018 23:00:00.000 GMT+0200,4.29490,4.30728,4.28768,4.29917,78414.23030000001
14.08.2018 23:00:00.000 GMT+0200,4.29937,4.34303,4.29427,4.32031,93954.1501
15.08.2018 23:00:00.000 GMT+0200,4.32077,4.32178,4.30012,4.30348,67157.489
16.08.2018 23:00:00.000 GMT+0200,4.30347,4.31852,4.28828,4.28887,71693.15980000002
17.08.2018 23:00:00.000 GMT+0200,4.28887,4.28887,4.28887,4.28887,0
18.08.2018 23:00:00.000 GMT+0200,4.28887,4.28887,4.28887,4.28887,0
19.08.2018 23:00:00.000 GMT+0200,4.29454,4.31607,4.29108,4.30668,70282.7402
20.08.2018 23:00:00.000 GMT+0200,4.30621,4.31074,4.28257,4.29067,59682.5199
21.08.2018 23:00:00.000 GMT+0200,4.29058,4.29638,4.26797,4.26927,81047.3908
22.08.2018 23:00:00.000 GMT+0200,4.26871,4.29082,4.26711,4.28848,66655.85040000001
23.08.2018 23:00:00.000 GMT+0200,4.28801,4.28918,4.26880,4.26958,84305.0412
24.08.2018 23:00:00.000 GMT+0200,4.26958,4.26958,4.26958,4.26958,0
25.08.2018 23:00:00.000 GMT+0200,4.26958,4.26958,4.26958,4.26958,0
26.08.2018 23:00:00.000 GMT+0200,4.27361,4.27847,4.26493,4.26767,67025.35049999999
27.08.2018 23:00:00.000 GMT+0200,4.26807,4.27652,4.26487,4.27078,88262.3398
28.08.2018 23:00:00.000 GMT+0200,4.27087,4.29048,4.26484,4.28787,95309.11059999999
29.08.2018 23:00:00.000 GMT+0200,4.28741,4.30377,4.28367,4.29787,95103.9112
30.08.2018 23:00:00.000 GMT+0200,4.29741,4.30402,4.28042,4.29791,72011.5902
31.08.2018 23:00:00.000 GMT+0200,4.29791,4.29791,4.29791,4.29791,0
01.09.2018 23:00:00.000 GMT+0200,4.29791,4.29791,4.29791,4.29791,0
02.09.2018 23:00:00.000 GMT+0200,4.28895,4.30397,4.28521,4.28687,81485.95019999999
03.09.2018 23:00:00.000 GMT+0200,4.28641,4.31347,4.27995,4.30858,87297.0898
04.09.2018 23:00:00.000 GMT+0200,4.30812,4.33409,4.30612,4.32537,85251.2801
05.09.2018 23:00:00.000 GMT+0200,4.32548,4.33939,4.31127,4.32297,81612.13880000003
06.09.2018 23:00:00.000 GMT+0200,4.32252,4.32443,4.29947,4.30888,75546.25020000001
07.09.2018 23:00:00.000 GMT+0200,4.30888,4.30888,4.30888,4.30888,0
08.09.2018 23:00:00.000 GMT+0200,4.30888,4.30888,4.30888,4.30888,0
09.09.2018 23:00:00.000 GMT+0200,4.30495,4.32277,4.30471,4.31137,66549.6092
10.09.2018 23:00:00.000 GMT+0200,4.31148,4.31237,4.30082,4.30248,84597.09949999998
11.09.2018 23:00:00.000 GMT+0200,4.30267,4.31456,4.30092,4.30517,61369.5006
12.09.2018 23:00:00.000 GMT+0200,4.30497,4.31818,4.29756,4.30198,77246.10999999999
13.09.2018 23:00:00.000 GMT+0200,4.30161,4.31207,4.29690,4.29958,64881.3796
14.09.2018 23:00:00.000 GMT+0200,4.29958,4.29958,4.29958,4.29958,0
15.09.2018 23:00:00.000 GMT+0200,4.29958,4.29958,4.29958,4.29958,0
16.09.2018 23:00:00.000 GMT+0200,4.30232,4.30997,4.29419,4.29757,57311.040100000006
17.09.2018 23:00:00.000 GMT+0200,4.29711,4.30424,4.28637,4.28797,81984.489
18.09.2018 23:00:00.000 GMT+0200,4.28787,4.29657,4.28458,4.28532,71609.1799
19.09.2018 23:00:00.000 GMT+0200,4.28497,4.30036,4.28371,4.28937,82514.93940000002
20.09.2018 23:00:00.000 GMT+0200,4.28937,4.30751,4.28482,4.30158,49394.7396
21.09.2018 23:00:00.000 GMT+0200,4.30158,4.30158,4.30158,4.30158,0
22.09.2018 23:00:00.000 GMT+0200,4.30158,4.30158,4.30158,4.30158,0
23.09.2018 23:00:00.000 GMT+0200,4.30451,4.31017,4.29257,4.29458,63526.210499999994
24.09.2018 23:00:00.000 GMT+0200,4.29412,4.30372,4.28466,4.28878,51762.6998
25.09.2018 23:00:00.000 GMT+0200,4.28841,4.28887,4.26760,4.26897,52539.07030000001
26.09.2018 23:00:00.000 GMT+0200,4.26948,4.28137,4.26229,4.26907,78407.37969999999
27.09.2018 23:00:00.000 GMT+0200,4.26871,4.28657,4.26528,4.27380,53900.599200000004
28.09.2018 23:00:00.000 GMT+0200,4.27380,4.27380,4.27380,4.27380,0
29.09.2018 23:00:00.000 GMT+0200,4.27380,4.27380,4.27380,4.27380,0
30.09.2018 23:00:00.000 GMT+0200,4.26983,4.28558,4.26857,4.28308,58619.21950000001
01.10.2018 23:00:00.000 GMT+0200,4.28317,4.29857,4.27936,4.29427,65720.3003
02.10.2018 23:00:00.000 GMT+0200,4.29382,4.30304,4.28448,4.30057,52632.8802
03.10.2018 23:00:00.000 GMT+0200,4.30057,4.31603,4.29227,4.31077,104881.84060000001
04.10.2018 23:00:00.000 GMT+0200,4.31048,4.31245,4.29732,4.29851,68599.15930000001
05.10.2018 23:00:00.000 GMT+0200,4.29851,4.29851,4.29851,4.29851,0
06.10.2018 23:00:00.000 GMT+0200,4.29851,4.29851,4.29851,4.29851,0
07.10.2018 23:00:00.000 GMT+0200,4.30211,4.31992,4.29500,4.31317,166868.17930000005
08.10.2018 23:00:00.000 GMT+0200,4.31088,4.32084,4.29987,4.30407,78305.12919999998
09.10.2018 23:00:00.000 GMT+0200,4.30371,4.31988,4.29876,4.31517,126394.53869999999
10.10.2018 23:00:00.000 GMT+0200,4.31481,4.32122,4.30292,4.30442,77715.3399
11.10.2018 23:00:00.000 GMT+0200,4.30471,4.30768,4.28860,4.29116,82983.9295
12.10.2018 23:00:00.000 GMT+0200,4.29116,4.29116,4.29116,4.29116,0
13.10.2018 23:00:00.000 GMT+0200,4.29116,4.29116,4.29116,4.29116,0
14.10.2018 23:00:00.000 GMT+0200,4.28862,4.29944,4.28216,4.29068,95245.44919999997
15.10.2018 23:00:00.000 GMT+0200,4.29027,4.29498,4.28217,4.28417,49789.979699999996
16.10.2018 23:00:00.000 GMT+0200,4.28381,4.29558,4.28020,4.28542,51316.85000000001
17.10.2018 23:00:00.000 GMT+0200,4.28542,4.30994,4.28050,4.30207,82267.7798
18.10.2018 23:00:00.000 GMT+0200,4.30171,4.30759,4.28352,4.28353,84454.71949999999
19.10.2018 23:00:00.000 GMT+0200,4.28353,4.28353,4.28353,4.28353,0
20.10.2018 23:00:00.000 GMT+0200,4.28353,4.28353,4.28353,4.28353,0
21.10.2018 23:00:00.000 GMT+0200,4.29221,4.29948,4.28708,4.28897,111611.66060000003
22.10.2018 23:00:00.000 GMT+0200,4.28857,4.30018,4.28724,4.29297,112321.6602
23.10.2018 23:00:00.000 GMT+0200,4.29297,4.31598,4.29297,4.30977,58743.0902
24.10.2018 23:00:00.000 GMT+0200,4.31007,4.31620,4.30472,4.30838,63513.9805
25.10.2018 23:00:00.000 GMT+0200,4.30791,4.31888,4.30036,4.30036,64274.620800000004
26.10.2018 23:00:00.000 GMT+0200,4.30036,4.30036,4.30036,4.30036,0
27.10.2018 23:00:00.000 GMT+0200,4.30036,4.30036,4.30036,4.30036,0
28.10.2018 22:00:00.000 GMT+0100,4.30552,4.33222,4.30323,4.32778,51954.71010000001
29.10.2018 22:00:00.000 GMT+0100,4.32387,4.33338,4.32085,4.32367,64883.63090000001
30.10.2018 22:00:00.000 GMT+0100,4.32301,4.34717,4.32064,4.34178,57970.44039999999
31.10.2018 22:00:00.000 GMT+0100,4.34121,4.34295,4.32078,4.32177,46150.740399999995
01.11.2018 22:00:00.000 GMT+0100,4.32218,4.32587,4.30302,4.30418,71529.7503
02.11.2018 22:00:00.000 GMT+0100,4.30418,4.30418,4.30418,4.30418,0
03.11.2018 22:00:00.000 GMT+0100,4.30418,4.30418,4.30418,4.30418,0
04.11.2018 23:00:00.000 GMT+0100,4.30638,4.31448,4.29581,4.30587,92867.55949999997
05.11.2018 23:00:00.000 GMT+0100,4.30501,4.31298,4.30157,4.30248,45345.989799999996
06.11.2018 23:00:00.000 GMT+0100,4.30240,4.30583,4.28466,4.28767,60339.83959999999
07.11.2018 23:00:00.000 GMT+0100,4.28701,4.29628,4.27502,4.28157,50933.27019999999
08.11.2018 23:00:00.000 GMT+0100,4.28127,4.29348,4.27517,4.28071,72052.8599
09.11.2018 23:00:00.000 GMT+0100,4.28071,4.28071,4.28071,4.28071,0
10.11.2018 23:00:00.000 GMT+0100,4.28071,4.28071,4.28071,4.28071,0
11.11.2018 23:00:00.000 GMT+0100,4.28304,4.30368,4.28093,4.30357,42644.44960000001
12.11.2018 23:00:00.000 GMT+0100,4.30351,4.30467,4.28766,4.29197,59559.710199999994
13.11.2018 23:00:00.000 GMT+0100,4.29187,4.29887,4.28747,4.29287,49090.7403
14.11.2018 23:00:00.000 GMT+0100,4.29251,4.29866,4.28398,4.28418,92222.28959999997
15.11.2018 23:00:00.000 GMT+0100,4.28351,4.31852,4.27899,4.30743,87138.99010000001
16.11.2018 23:00:00.000 GMT+0100,4.30743,4.30743,4.30743,4.30743,0
17.11.2018 23:00:00.000 GMT+0100,4.30743,4.30743,4.30743,4.30743,0
18.11.2018 23:00:00.000 GMT+0100,4.31085,4.33458,4.30469,4.32941,121859.40969999997
19.11.2018 23:00:00.000 GMT+0100,4.32230,4.33757,4.30236,4.31021,100927.93039999998
20.11.2018 23:00:00.000 GMT+0100,4.30701,4.31075,4.29508,4.29518,63626.800700000014
21.11.2018 23:00:00.000 GMT+0100,4.29518,4.30697,4.28841,4.29397,29645.4101
22.11.2018 23:00:00.000 GMT+0100,4.29377,4.29987,4.27826,4.28607,40505.239799999996
23.11.2018 23:00:00.000 GMT+0100,4.28607,4.28607,4.28607,4.28607,0
24.11.2018 23:00:00.000 GMT+0100,4.28607,4.28607,4.28607,4.28607,0
25.11.2018 23:00:00.000 GMT+0100,4.28927,4.29748,4.28385,4.29167,49660.269799999995
26.11.2018 23:00:00.000 GMT+0100,4.29167,4.29857,4.28737,4.29257,53389.9701
27.11.2018 23:00:00.000 GMT+0100,4.29181,4.29998,4.28167,4.28557,50405.260099999985
28.11.2018 23:00:00.000 GMT+0100,4.28485,4.29668,4.28235,4.28478,50781.62000000001
29.11.2018 23:00:00.000 GMT+0100,4.28466,4.29356,4.28029,4.28532,77566.5702
30.11.2018 23:00:00.000 GMT+0100,4.28532,4.28532,4.28532,4.28532,0
01.12.2018 23:00:00.000 GMT+0100,4.28532,4.28532,4.28532,4.28532,0
02.12.2018 23:00:00.000 GMT+0100,4.28746,4.28777,4.27452,4.27597,82160.6601
03.12.2018 23:00:00.000 GMT+0100,4.27455,4.28536,4.26956,4.27868,61690.829600000005
04.12.2018 23:00:00.000 GMT+0100,4.27877,4.28988,4.27626,4.28217,53099.72029999999
05.12.2018 23:00:00.000 GMT+0100,4.28142,4.29328,4.27533,4.27859,83633.801
06.12.2018 23:00:00.000 GMT+0100,4.27854,4.29367,4.27587,4.28652,70061.90980000001
07.12.2018 23:00:00.000 GMT+0100,4.28652,4.28652,4.28652,4.28652,0
08.12.2018 23:00:00.000 GMT+0100,4.28652,4.28652,4.28652,4.28652,0
09.12.2018 23:00:00.000 GMT+0100,4.28987,4.29524,4.28115,4.29227,100103.8596
10.12.2018 23:00:00.000 GMT+0100,4.29161,4.30236,4.29159,4.30078,37590.16010000001
11.12.2018 23:00:00.000 GMT+0100,4.30011,4.30308,4.28754,4.29077,47668.31
12.12.2018 23:00:00.000 GMT+0100,4.29021,4.29767,4.28313,4.29677,50772.280699999996
13.12.2018 23:00:00.000 GMT+0100,4.29611,4.30578,4.28837,4.28908,49691.799600000006
14.12.2018 23:00:00.000 GMT+0100,4.28908,4.28908,4.28908,4.28908,0
15.12.2018 23:00:00.000 GMT+0100,4.28908,4.28908,4.28908,4.28908,0
16.12.2018 23:00:00.000 GMT+0100,4.28842,4.29184,4.27870,4.28197,60987.1992
17.12.2018 23:00:00.000 GMT+0100,4.28167,4.28792,4.28021,4.28418,38891.570100000004
18.12.2018 23:00:00.000 GMT+0100,4.28333,4.28887,4.27916,4.28605,62421.72
19.12.2018 23:00:00.000 GMT+0100,4.28584,4.28898,4.27644,4.28467,84809.0291
20.12.2018 23:00:00.000 GMT+0100,4.28355,4.29412,4.27522,4.28021,119622.9597
21.12.2018 23:00:00.000 GMT+0100,4.28021,4.28021,4.28021,4.28021,0
22.12.2018 23:00:00.000 GMT+0100,4.28021,4.28021,4.28021,4.28021,0
23.12.2018 23:00:00.000 GMT+0100,4.28163,4.28888,4.27294,4.27967,138360.56169999996
24.12.2018 23:00:00.000 GMT+0100,4.27988,4.28037,4.27624,4.27746,1368.93
25.12.2018 23:00:00.000 GMT+0100,4.27762,4.29218,4.27762,4.28217,59423.5101
26.12.2018 23:00:00.000 GMT+0100,4.27500,4.29827,4.27500,4.28847,97710.4912
27.12.2018 23:00:00.000 GMT+0100,4.28771,4.30668,4.28248,4.29709,81263.9608
28.12.2018 23:00:00.000 GMT+0100,4.29709,4.29709,4.29709,4.29709,0
29.12.2018 23:00:00.000 GMT+0100,4.29709,4.29709,4.29709,4.29709,0
30.12.2018 23:00:00.000 GMT+0100,4.29362,4.30768,4.27972,4.28417,238498.91860000003
31.12.2018 23:00:00.000 GMT+0100,4.28417,4.28417,4.28417,4.28417,0
01.01.2019 23:00:00.000 GMT+0100,4.28318,4.30417,4.28100,4.29151,105182.4697
02.01.2019 23:00:00.000 GMT+0100,4.29151,4.31277,4.28461,4.28807,136908.40780000002
03.01.2019 23:00:00.000 GMT+0100,4.28807,4.30158,4.28218,4.28218,246676.5628
04.01.2019 23:00:00.000 GMT+0100,4.28218,4.28218,4.28218,4.28218,0
05.01.2019 23:00:00.000 GMT+0100,4.28218,4.28218,4.28218,4.28218,0
06.01.2019 23:00:00.000 GMT+0100,4.28601,4.29957,4.28601,4.29608,87413.5204
07.01.2019 23:00:00.000 GMT+0100,4.29502,4.30618,4.28772,4.29688,64758.75980000001
08.01.2019 23:00:00.000 GMT+0100,4.29625,4.30188,4.29046,4.29737,84587.0711
09.01.2019 23:00:00.000 GMT+0100,4.29691,4.30647,4.29087,4.29458,62719.7692
10.01.2019 23:00:00.000 GMT+0100,4.29295,4.29927,4.28716,4.28869,39490.120299999995
11.01.2019 23:00:00.000 GMT+0100,4.28869,4.28869,4.28869,4.28869,0
12.01.2019 23:00:00.000 GMT+0100,4.28869,4.28869,4.28869,4.28869,0
13.01.2019 23:00:00.000 GMT+0100,4.29168,4.29728,4.28748,4.28968,67547.77020000001
14.01.2019 23:00:00.000 GMT+0100,4.28931,4.29618,4.28596,4.29068,59484.46940000001
15.01.2019 23:00:00.000 GMT+0100,4.29031,4.29467,4.27877,4.28048,173627.2712
16.01.2019 23:00:00.000 GMT+0100,4.28001,4.28888,4.27767,4.28409,50472.0209
17.01.2019 23:00:00.000 GMT+0100,4.28409,4.29618,4.28156,4.28361,85331.86869999999
18.01.2019 23:00:00.000 GMT+0100,4.28361,4.28361,4.28361,4.28361,0
19.01.2019 23:00:00.000 GMT+0100,4.28361,4.28361,4.28361,4.28361,0
20.01.2019 23:00:00.000 GMT+0100,4.28338,4.29388,4.28086,4.28297,84359.73030000001
21.01.2019 23:00:00.000 GMT+0100,4.28174,4.28970,4.27961,4.28537,51117.03
22.01.2019 23:00:00.000 GMT+0100,4.28491,4.29297,4.28050,4.28747,54059.189800000015
23.01.2019 23:00:00.000 GMT+0100,4.28647,4.29646,4.27981,4.28637,66346.4602
24.01.2019 23:00:00.000 GMT+0100,4.28592,4.29348,4.28121,4.28348,77061.66909999998
25.01.2019 23:00:00.000 GMT+0100,4.28348,4.28348,4.28348,4.28348,0
26.01.2019 23:00:00.000 GMT+0100,4.28348,4.28348,4.28348,4.28348,0
27.01.2019 23:00:00.000 GMT+0100,4.28330,4.29448,4.28330,4.29168,63527.7998
28.01.2019 23:00:00.000 GMT+0100,4.29158,4.29749,4.28725,4.29337,46412.71989999999
29.01.2019 23:00:00.000 GMT+0100,4.29304,4.29749,4.28156,4.28437,68860.60040000001
30.01.2019 23:00:00.000 GMT+0100,4.28392,4.28681,4.25802,4.26111,83226.3584
31.01.2019 23:00:00.000 GMT+0100,4.26112,4.29407,4.25893,4.28682,70026.2001
01.02.2019 23:00:00.000 GMT+0100,4.28682,4.28682,4.28682,4.28682,0
02.02.2019 23:00:00.000 GMT+0100,4.28682,4.28682,4.28682,4.28682,0
03.02.2019 23:00:00.000 GMT+0100,4.28109,4.29152,4.27787,4.28438,55282.5203
04.02.2019 23:00:00.000 GMT+0100,4.28381,4.29012,4.28291,4.28577,45499.620200000005
05.02.2019 23:00:00.000 GMT+0100,4.28541,4.29937,4.28447,4.29187,46708.7604
06.02.2019 23:00:00.000 GMT+0100,4.28937,4.30898,4.28937,4.30678,59803.82110000001
07.02.2019 23:00:00.000 GMT+0100,4.30597,4.31436,4.30194,4.30450,62659.9895
08.02.2019 23:00:00.000 GMT+0100,4.30450,4.30450,4.30450,4.30450,0
09.02.2019 23:00:00.000 GMT+0100,4.30450,4.30450,4.30450,4.30450,0
10.02.2019 23:00:00.000 GMT+0100,4.30861,4.32662,4.29628,4.32378,69459.5899
11.02.2019 23:00:00.000 GMT+0100,4.32141,4.33258,4.32028,4.32677,70301.79000000001
12.02.2019 23:00:00.000 GMT+0100,4.32677,4.34019,4.32274,4.33747,60230.91060000001
13.02.2019 23:00:00.000 GMT+0100,4.33757,4.34168,4.32966,4.32967,55783.31
14.02.2019 23:00:00.000 GMT+0100,4.32967,4.33498,4.32116,4.32633,80034.28
15.02.2019 23:00:00.000 GMT+0100,4.32633,4.32633,4.32633,4.32633,0
16.02.2019 23:00:00.000 GMT+0100,4.32633,4.32633,4.32633,4.32633,0
17.02.2019 23:00:00.000 GMT+0100,4.32847,4.33360,4.32595,4.32948,44633.62989999999
18.02.2019 23:00:00.000 GMT+0100,4.32906,4.33737,4.32547,4.32982,66613.5805
19.02.2019 23:00:00.000 GMT+0100,4.32895,4.34497,4.32786,4.32998,64790.8002
20.02.2019 23:00:00.000 GMT+0100,4.32968,4.33977,4.32567,4.33378,43686.179599999996
21.02.2019 23:00:00.000 GMT+0100,4.33089,4.33885,4.32981,4.33122,37597.9797
22.02.2019 23:00:00.000 GMT+0100,4.33122,4.33122,4.33122,4.33122,0
23.02.2019 23:00:00.000 GMT+0100,4.33122,4.33122,4.33122,4.33122,0
24.02.2019 23:00:00.000 GMT+0100,4.33201,4.34088,4.33196,4.33737,39533.2801
25.02.2019 23:00:00.000 GMT+0100,4.33709,4.33807,4.32177,4.32248,42190.709800000004
26.02.2019 23:00:00.000 GMT+0100,4.32257,4.32698,4.31117,4.31547,28105.410099999997
27.02.2019 23:00:00.000 GMT+0100,4.31516,4.31860,4.30003,4.30297,29585.2901
28.02.2019 23:00:00.000 GMT+0100,4.30230,4.31008,4.29120,4.29858,28750.940000000002
01.03.2019 23:00:00.000 GMT+0100,4.29858,4.29858,4.29858,4.29858,0
02.03.2019 23:00:00.000 GMT+0100,4.29858,4.29858,4.29858,4.29858,0
03.03.2019 23:00:00.000 GMT+0100,4.30257,4.30538,4.29659,4.29817,28229.7396
04.03.2019 23:00:00.000 GMT+0100,4.29827,4.30458,4.29371,4.30077,36413.05000000001
05.03.2019 23:00:00.000 GMT+0100,4.29693,4.30167,4.29096,4.29767,21800.8599
06.03.2019 23:00:00.000 GMT+0100,4.29733,4.31428,4.29325,4.31358,47947.089900000006
07.03.2019 23:00:00.000 GMT+0100,4.31331,4.31578,4.29629,4.29738,46259.58989999999
08.03.2019 23:00:00.000 GMT+0100,4.29738,4.29738,4.29738,4.29738,0
09.03.2019 23:00:00.000 GMT+0100,4.29738,4.29738,4.29738,4.29738,0
10.03.2019 22:00:00.000 GMT+0100,4.29732,4.30313,4.29009,4.29967,29556.949899999992
11.03.2019 22:00:00.000 GMT+0100,4.29941,4.30487,4.29497,4.29857,36335.2502
12.03.2019 22:00:00.000 GMT+0100,4.29878,4.30315,4.29308,4.29858,38195.2601
13.03.2019 22:00:00.000 GMT+0100,4.29832,4.30537,4.29534,4.30177,26240.2001
14.03.2019 22:00:00.000 GMT+0100,4.30161,4.30577,4.29596,4.29717,33932.47
15.03.2019 22:00:00.000 GMT+0100,4.29717,4.29717,4.29717,4.29717,0
16.03.2019 22:00:00.000 GMT+0100,4.29717,4.29717,4.29717,4.29717,0
17.03.2019 22:00:00.000 GMT+0100,4.29927,4.30238,4.28807,4.28937,40975.75000000001
18.03.2019 22:00:00.000 GMT+0100,4.28911,4.29477,4.28540,4.28688,33344.759699999995
19.03.2019 22:00:00.000 GMT+0100,4.28657,4.28817,4.27717,4.27748,27239.72
20.03.2019 22:00:00.000 GMT+0100,4.27442,4.28897,4.27439,4.28277,41481.4302
21.03.2019 22:00:00.000 GMT+0100,4.28241,4.30107,4.27808,4.29466,54437.900100000006
22.03.2019 22:00:00.000 GMT+0100,4.29466,4.29466,4.29466,4.29466,0
23.03.2019 22:00:00.000 GMT+0100,4.29466,4.29466,4.29466,4.29466,0
24.03.2019 22:00:00.000 GMT+0100,4.29631,4.30048,4.28146,4.28887,53968.9204
25.03.2019 22:00:00.000 GMT+0100,4.28861,4.29818,4.28418,4.28997,43333.5599
26.03.2019 22:00:00.000 GMT+0100,4.28969,4.29977,4.28671,4.29078,46345.54989999999
27.03.2019 22:00:00.000 GMT+0100,4.28881,4.30058,4.28593,4.29537,46354.7095
28.03.2019 22:00:00.000 GMT+0100,4.29512,4.30671,4.29159,4.30187,41404.28999999999
29.03.2019 22:00:00.000 GMT+0100,4.30187,4.30187,4.30187,4.30187,0
30.03.2019 22:00:00.000 GMT+0100,4.30187,4.30187,4.30187,4.30187,0
31.03.2019 23:00:00.000 GMT+0200,4.30281,4.30498,4.29237,4.29367,40569.659999999996
01.04.2019 23:00:00.000 GMT+0200,4.29341,4.30174,4.28992,4.29658,47667.55990000001
02.04.2019 23:00:00.000 GMT+0200,4.29632,4.29727,4.28467,4.28787,36542.51010000001
03.04.2019 23:00:00.000 GMT+0200,4.28518,4.29527,4.27854,4.28618,31792.180000000004
04.04.2019 23:00:00.000 GMT+0200,4.28601,4.29378,4.28352,4.28561,23392.7
05.04.2019 23:00:00.000 GMT+0200,4.28561,4.28561,4.28561,4.28561,0
06.04.2019 23:00:00.000 GMT+0200,4.28561,4.28561,4.28561,4.28561,0
07.04.2019 23:00:00.000 GMT+0200,4.28931,4.29366,4.28368,4.28368,44229.720400000006
08.04.2019 23:00:00.000 GMT+0200,4.28191,4.28851,4.28100,4.28467,22713.1501
09.04.2019 23:00:00.000 GMT+0200,4.28052,4.28528,4.27823,4.27927,35375.319899999995
10.04.2019 23:00:00.000 GMT+0200,4.27532,4.28377,4.27532,4.28178,23390.129500000003
11.04.2019 23:00:00.000 GMT+0200,4.28197,4.28577,4.26552,4.27477,27021.419900000004
12.04.2019 23:00:00.000 GMT+0200,4.27477,4.27477,4.27477,4.27477,0
13.04.2019 23:00:00.000 GMT+0200,4.27477,4.27477,4.27477,4.27477,0
14.04.2019 23:00:00.000 GMT+0200,4.27427,4.28008,4.27087,4.27187,35702.189999999995
15.04.2019 23:00:00.000 GMT+0200,4.27031,4.28041,4.26935,4.27191,21101.919700000002
16.04.2019 23:00:00.000 GMT+0200,4.27157,4.27697,4.26937,4.26957,35255.95020000001
17.04.2019 23:00:00.000 GMT+0200,4.26931,4.28218,4.26723,4.27671,19907.9399
18.04.2019 23:00:00.000 GMT+0200,4.27671,4.28087,4.27396,4.27796,33704.6199
19.04.2019 23:00:00.000 GMT+0200,4.27796,4.27796,4.27796,4.27796,0
20.04.2019 23:00:00.000 GMT+0200,4.27796,4.27796,4.27796,4.27796,0
21.04.2019 23:00:00.000 GMT+0200,4.27528,4.28507,4.27347,4.27790,24803.7103
22.04.2019 23:00:00.000 GMT+0200,4.27790,4.28977,4.27780,4.28457,29479.990500000004
23.04.2019 23:00:00.000 GMT+0200,4.28441,4.29688,4.27895,4.29421,48132.08979999999
24.04.2019 23:00:00.000 GMT+0200,4.29422,4.29938,4.28921,4.29097,26047.2999
25.04.2019 23:00:00.000 GMT+0200,4.29057,4.29712,4.28574,4.29116,51991.059899999986
26.04.2019 23:00:00.000 GMT+0200,4.29116,4.29116,4.29116,4.29116,0
27.04.2019 23:00:00.000 GMT+0200,4.29116,4.29116,4.29116,4.29116,0
28.04.2019 23:00:00.000 GMT+0200,4.29177,4.29712,4.28927,4.29037,37892.1897
29.04.2019 23:00:00.000 GMT+0200,4.28767,4.29677,4.28248,4.28480,51727.4394
30.04.2019 23:00:00.000 GMT+0200,4.28480,4.28869,4.27807,4.28332,29966.500200000002
01.05.2019 23:00:00.000 GMT+0200,4.28111,4.28778,4.27706,4.28171,49497.0601
02.05.2019 23:00:00.000 GMT+0200,4.28171,4.28898,4.27227,4.27227,38426.4303
03.05.2019 23:00:00.000 GMT+0200,4.27227,4.27227,4.27227,4.27227,0
04.05.2019 23:00:00.000 GMT+0200,4.27227,4.27227,4.27227,4.27227,0
05.05.2019 23:00:00.000 GMT+0200,4.27542,4.28538,4.27101,4.28177,55984.63969999999
06.05.2019 23:00:00.000 GMT+0200,4.27901,4.29213,4.27761,4.28858,44674.10990000002
07.05.2019 23:00:00.000 GMT+0200,4.28841,4.29418,4.28473,4.29087,48250.8706
08.05.2019 23:00:00.000 GMT+0200,4.29071,4.30227,4.28354,4.29697,39394.22030000001
09.05.2019 23:00:00.000 GMT+0200,4.29671,4.30038,4.29013,4.29266,32524.2
10.05.2019 23:00:00.000 GMT+0200,4.29266,4.29266,4.29266,4.29266,0
11.05.2019 23:00:00.000 GMT+0200,4.29266,4.29266,4.29266,4.29266,0
12.05.2019 23:00:00.000 GMT+0200,4.29427,4.30818,4.29152,4.29977,37835.5704
13.05.2019 23:00:00.000 GMT+0200,4.30087,4.31069,4.30066,4.30637,60039.379799999995
14.05.2019 23:00:00.000 GMT+0200,4.30622,4.31380,4.29931,4.29987,47304.400200000004
15.05.2019 23:00:00.000 GMT+0200,4.29961,4.30238,4.29137,4.30137,41461.73980000001
16.05.2019 23:00:00.000 GMT+0200,4.30112,4.30856,4.29500,4.30287,47212.12999999999
17.05.2019 23:00:00.000 GMT+0200,4.30287,4.30287,4.30287,4.30287,0
18.05.2019 23:00:00.000 GMT+0200,4.30287,4.30287,4.30287,4.30287,0
19.05.2019 23:00:00.000 GMT+0200,4.30112,4.30507,4.29566,4.29677,31990.16999999999
20.05.2019 23:00:00.000 GMT+0200,4.29651,4.30967,4.29393,4.30477,30147.5998
21.05.2019 23:00:00.000 GMT+0200,4.30451,4.31087,4.30257,4.30468,27424.070600000003
22.05.2019 23:00:00.000 GMT+0200,4.30451,4.31087,4.30066,4.30407,27748.839999999997
23.05.2019 23:00:00.000 GMT+0200,4.30371,4.30577,4.28526,4.28576,44347.9999
24.05.2019 23:00:00.000 GMT+0200,4.28576,4.28576,4.28576,4.28576,0
25.05.2019 23:00:00.000 GMT+0200,4.28576,4.28576,4.28576,4.28576,0
26.05.2019 23:00:00.000 GMT+0200,4.28818,4.29597,4.28796,4.28837,38350.490000000005
27.05.2019 23:00:00.000 GMT+0200,4.28814,4.29726,4.28709,4.29298,34857.2503
28.05.2019 23:00:00.000 GMT+0200,4.29239,4.30337,4.29230,4.29247,35233.9299
29.05.2019 23:00:00.000 GMT+0200,4.29231,4.29628,4.28511,4.28867,30582.0702
30.05.2019 23:00:00.000 GMT+0200,4.28747,4.29337,4.27807,4.27807,39825.5701
31.05.2019 23:00:00.000 GMT+0200,4.27807,4.27807,4.27807,4.27807,0
01.06.2019 23:00:00.000 GMT+0200,4.27807,4.27807,4.27807,4.27807,0
02.06.2019 23:00:00.000 GMT+0200,4.27999,4.28488,4.27717,4.27787,56892.349900000016
03.06.2019 23:00:00.000 GMT+0200,4.27754,4.28417,4.27477,4.27477,100916.25989999999
04.06.2019 23:00:00.000 GMT+0200,4.27451,4.28027,4.27115,4.27648,105744.89979999997
05.06.2019 23:00:00.000 GMT+0200,4.27619,4.28008,4.27077,4.27177,114613.51950000001
06.06.2019 23:00:00.000 GMT+0200,4.27137,4.27688,4.25466,4.25466,43207.77980000001
07.06.2019 23:00:00.000 GMT+0200,4.25466,4.25466,4.25466,4.25466,0
08.06.2019 23:00:00.000 GMT+0200,4.25466,4.25466,4.25466,4.25466,0
09.06.2019 23:00:00.000 GMT+0200,4.25927,4.26517,4.25648,4.26077,111313.2408
10.06.2019 23:00:00.000 GMT+0200,4.25872,4.26818,4.25592,4.26207,88332.6406
11.06.2019 23:00:00.000 GMT+0200,4.26118,4.26498,4.25280,4.25457,39699.43
12.06.2019 23:00:00.000 GMT+0200,4.25441,4.26118,4.25178,4.25458,44006.47000000001
13.06.2019 23:00:00.000 GMT+0200,4.25323,4.25814,4.24959,4.25427,48316.4896
14.06.2019 23:00:00.000 GMT+0200,4.25427,4.25427,4.25427,4.25427,0
15.06.2019 23:00:00.000 GMT+0200,4.25427,4.25427,4.25427,4.25427,0
16.06.2019 23:00:00.000 GMT+0200,4.25496,4.26268,4.25496,4.25958,39347.550200000005
17.06.2019 23:00:00.000 GMT+0200,4.25632,4.26560,4.25257,4.26037,32089.040300000004
18.06.2019 23:00:00.000 GMT+0200,4.26021,4.27005,4.25590,4.25979,44004.700300000004
19.06.2019 23:00:00.000 GMT+0200,4.25989,4.26147,4.25147,4.25157,50785.01989999999
20.06.2019 23:00:00.000 GMT+0200,4.25157,4.26408,4.24912,4.24912,70828.31910000001
21.06.2019 23:00:00.000 GMT+0200,4.24912,4.24912,4.24912,4.24912,0
22.06.2019 23:00:00.000 GMT+0200,4.24912,4.24912,4.24912,4.24912,0
23.06.2019 23:00:00.000 GMT+0200,4.25251,4.25587,4.25039,4.25177,43801.57970000001
24.06.2019 23:00:00.000 GMT+0200,4.25161,4.25767,4.24967,4.25597,42922.7904
25.06.2019 23:00:00.000 GMT+0200,4.25567,4.26567,4.25066,4.25858,88827.85030000002
26.06.2019 23:00:00.000 GMT+0200,4.25621,4.26377,4.24957,4.25098,64579.2297
27.06.2019 23:00:00.000 GMT+0200,4.25082,4.25338,4.23569,4.24191,61537.0697
28.06.2019 23:00:00.000 GMT+0200,4.24191,4.24191,4.24191,4.24191,0
29.06.2019 23:00:00.000 GMT+0200,4.24191,4.24191,4.24191,4.24191,0
30.06.2019 23:00:00.000 GMT+0200,4.24173,4.24678,4.23667,4.24208,71117.59
01.07.2019 23:00:00.000 GMT+0200,4.24206,4.24597,4.23606,4.24128,51067.4502
02.07.2019 23:00:00.000 GMT+0200,4.24077,4.24487,4.23739,4.23739,55343.520300000004
03.07.2019 23:00:00.000 GMT+0200,4.23730,4.24417,4.23510,4.24158,58814.770300000004
04.07.2019 23:00:00.000 GMT+0200,4.24131,4.25488,4.24018,4.24711,99889.54969999997
05.07.2019 23:00:00.000 GMT+0200,4.24711,4.24711,4.24711,4.24711,0
06.07.2019 23:00:00.000 GMT+0200,4.24711,4.24711,4.24711,4.24711,0
07.07.2019 23:00:00.000 GMT+0200,4.24841,4.25858,4.24837,4.25507,57335.89029999999
08.07.2019 23:00:00.000 GMT+0200,4.25220,4.27258,4.25169,4.27168,62789.39069999999
09.07.2019 23:00:00.000 GMT+0200,4.27126,4.27518,4.26228,4.26228,49082.599900000016
10.07.2019 23:00:00.000 GMT+0200,4.26191,4.27058,4.26061,4.26717,42346.589700000004
11.07.2019 23:00:00.000 GMT+0200,4.26711,4.27028,4.26373,4.26586,46897.8704
12.07.2019 23:00:00.000 GMT+0200,4.26586,4.26586,4.26586,4.26586,0
13.07.2019 23:00:00.000 GMT+0200,4.26586,4.26586,4.26586,4.26586,0
14.07.2019 23:00:00.000 GMT+0200,4.26708,4.26927,4.25877,4.26007,46926.41
15.07.2019 23:00:00.000 GMT+0200,4.25776,4.26168,4.25427,4.25474,40353.8505
16.07.2019 23:00:00.000 GMT+0200,4.25474,4.26604,4.25474,4.26217,47886.3699
17.07.2019 23:00:00.000 GMT+0200,4.26180,4.26738,4.25250,4.25317,37361.509900000005
18.07.2019 23:00:00.000 GMT+0200,4.25111,4.25972,4.23891,4.24571,53363.580299999994
19.07.2019 23:00:00.000 GMT+0200,4.24571,4.24571,4.24571,4.24571,0
20.07.2019 23:00:00.000 GMT+0200,4.24571,4.24571,4.24571,4.24571,0
21.07.2019 23:00:00.000 GMT+0200,4.24812,4.25362,4.24471,4.24571,73636.02000000002
22.07.2019 23:00:00.000 GMT+0200,4.24505,4.25798,4.24467,4.25161,72303.2903
23.07.2019 23:00:00.000 GMT+0200,4.24896,4.26002,4.24896,4.25000,104973.941
24.07.2019 23:00:00.000 GMT+0200,4.24997,4.26111,4.24566,4.25691,115306.03040000002
25.07.2019 23:00:00.000 GMT+0200,4.25614,4.27618,4.25524,4.26907,80415.1293
26.07.2019 23:00:00.000 GMT+0200,4.26907,4.26907,4.26907,4.26907,0
27.07.2019 23:00:00.000 GMT+0200,4.26907,4.26907,4.26907,4.26907,0
28.07.2019 23:00:00.000 GMT+0200,4.26693,4.28908,4.26692,4.28811,85132.55899999998
29.07.2019 23:00:00.000 GMT+0200,4.28773,4.29945,4.28594,4.29479,62956.0404
30.07.2019 23:00:00.000 GMT+0200,4.29478,4.29874,4.28201,4.28671,103941.74070000001
31.07.2019 23:00:00.000 GMT+0200,4.28667,4.30892,4.28393,4.30081,127676.94949999997
01.08.2019 23:00:00.000 GMT+0200,4.30131,4.31352,4.29488,4.30557,126720.35950000002
02.08.2019 23:00:00.000 GMT+0200,4.30557,4.30557,4.30557,4.30557,0
03.08.2019 23:00:00.000 GMT+0200,4.30557,4.30557,4.30557,4.30557,0
04.08.2019 23:00:00.000 GMT+0200,4.30221,4.32117,4.29992,4.32057,83246.431
05.08.2019 23:00:00.000 GMT+0200,4.32031,4.32127,4.30757,4.31457,58623.030399999996
06.08.2019 23:00:00.000 GMT+0200,4.31237,4.32427,4.30708,4.31997,79027.32939999999
07.08.2019 23:00:00.000 GMT+0200,4.31971,4.32537,4.31677,4.31957,66430.62100000001
08.08.2019 23:00:00.000 GMT+0200,4.31861,4.32568,4.31492,4.31878,71354.9907
09.08.2019 23:00:00.000 GMT+0200,4.31878,4.31878,4.31878,4.31878,0
10.08.2019 23:00:00.000 GMT+0200,4.31878,4.31878,4.31878,4.31878,0
11.08.2019 23:00:00.000 GMT+0200,4.32242,4.32932,4.32120,4.32918,117172.27010000001
12.08.2019 23:00:00.000 GMT+0200,4.32914,4.34648,4.32633,4.33308,36140.2198
13.08.2019 23:00:00.000 GMT+0200,4.33123,4.37727,4.33123,4.36228,39507.1105
14.08.2019 23:00:00.000 GMT+0200,4.36358,4.39637,4.36357,4.36867,84347.5803
15.08.2019 23:00:00.000 GMT+0200,4.36602,4.37368,4.32267,4.33337,143178.11010000002
16.08.2019 23:00:00.000 GMT+0200,4.33337,4.33337,4.33337,4.33337,0
17.08.2019 23:00:00.000 GMT+0200,4.33337,4.33337,4.33337,4.33337,0
18.08.2019 23:00:00.000 GMT+0200,4.33397,4.37727,4.33338,4.36657,47186.0602
19.08.2019 23:00:00.000 GMT+0200,4.36560,4.36958,4.34353,4.35257,71730.2002
20.08.2019 23:00:00.000 GMT+0200,4.35297,4.36008,4.34465,4.34677,63922.4101
21.08.2019 23:00:00.000 GMT+0200,4.34661,4.37837,4.34478,4.35548,42301.9301
22.08.2019 23:00:00.000 GMT+0200,4.35520,4.38237,4.35048,4.37727,73228.1203
23.08.2019 23:00:00.000 GMT+0200,4.37727,4.37727,4.37727,4.37727,0
24.08.2019 23:00:00.000 GMT+0200,4.37727,4.37727,4.37727,4.37727,0
25.08.2019 23:00:00.000 GMT+0200,4.36947,4.38128,4.35548,4.36117,84832.2202
26.08.2019 23:00:00.000 GMT+0200,4.36014,4.37809,4.35646,4.37537,162227.02009999997
27.08.2019 23:00:00.000 GMT+0200,4.37577,4.39198,4.36818,4.38997,83688.51010000001
28.08.2019 23:00:00.000 GMT+0200,4.38721,4.39888,4.37867,4.38657,35576.9401
29.08.2019 23:00:00.000 GMT+0200,4.38657,4.39039,4.37092,4.37113,28229.489800000003
30.08.2019 23:00:00.000 GMT+0200,4.37113,4.37113,4.37113,4.37113,0
31.08.2019 23:00:00.000 GMT+0200,4.37113,4.37113,4.37113,4.37113,0
01.09.2019 23:00:00.000 GMT+0200,4.36953,4.37748,4.34927,4.35717,58224.87
02.09.2019 23:00:00.000 GMT+0200,4.35607,4.36903,4.34108,4.34108,51555.07000000001
03.09.2019 23:00:00.000 GMT+0200,4.33958,4.34768,4.33017,4.33708,62216.4702
04.09.2019 23:00:00.000 GMT+0200,4.33576,4.35018,4.33337,4.33969,44681.3202
05.09.2019 23:00:00.000 GMT+0200,4.33969,4.34498,4.33221,4.33411,25649.520099999994
06.09.2019 23:00:00.000 GMT+0200,4.33411,4.33411,4.33411,4.33411,0
07.09.2019 23:00:00.000 GMT+0200,4.33411,4.33411,4.33411,4.33411,0
08.09.2019 23:00:00.000 GMT+0200,4.33265,4.33998,4.33012,4.33177,36888.86
09.09.2019 23:00:00.000 GMT+0200,4.33092,4.33819,4.32977,4.33127,21277.669799999996
10.09.2019 23:00:00.000 GMT+0200,4.33018,4.34128,4.32864,4.33767,30570.090099999998
11.09.2019 23:00:00.000 GMT+0200,4.33607,4.34708,4.32617,4.33447,33173.05039999999
12.09.2019 23:00:00.000 GMT+0200,4.33406,4.34101,4.31439,4.31449,27043.920000000002
13.09.2019 23:00:00.000 GMT+0200,4.31449,4.31449,4.31449,4.31449,0
14.09.2019 23:00:00.000 GMT+0200,4.31449,4.31449,4.31449,4.31449,0
15.09.2019 23:00:00.000 GMT+0200,4.31498,4.32988,4.31498,4.32901,20520.819900000002
16.09.2019 23:00:00.000 GMT+0200,4.32901,4.34697,4.32861,4.33267,24943.2601
17.09.2019 23:00:00.000 GMT+0200,4.33156,4.34377,4.33115,4.33658,25508.6801
18.09.2019 23:00:00.000 GMT+0200,4.33647,4.34999,4.33527,4.34197,25550.86
19.09.2019 23:00:00.000 GMT+0200,4.34185,4.38108,4.33182,4.37307,28249.33
20.09.2019 23:00:00.000 GMT+0200,4.37307,4.37307,4.37307,4.37307,0
21.09.2019 23:00:00.000 GMT+0200,4.37307,4.37307,4.37307,4.37307,0
22.09.2019 23:00:00.000 GMT+0200,4.37107,4.39657,4.36998,4.38927,30838.2702
23.09.2019 23:00:00.000 GMT+0200,4.38866,4.39557,4.37297,4.37677,28077.3299
24.09.2019 23:00:00.000 GMT+0200,4.37386,4.39468,4.37371,4.37847,23340.4701
25.09.2019 23:00:00.000 GMT+0200,4.37743,4.39718,4.37227,4.38467,24083.8803
26.09.2019 23:00:00.000 GMT+0200,4.38277,4.39357,4.37750,4.37813,37930.110400000005
27.09.2019 23:00:00.000 GMT+0200,4.37813,4.37813,4.37813,4.37813,0
28.09.2019 23:00:00.000 GMT+0200,4.37813,4.37813,4.37813,4.37813,0
29.09.2019 23:00:00.000 GMT+0200,4.37750,4.38208,4.36662,4.36877,34469.1001
30.09.2019 23:00:00.000 GMT+0200,4.36577,4.38417,4.36515,4.37517,27488.780099999996
01.10.2019 23:00:00.000 GMT+0200,4.37364,4.38498,4.35480,4.35667,30491.870099999996
02.10.2019 23:00:00.000 GMT+0200,4.35590,4.37067,4.32716,4.33145,38500.51990000001
03.10.2019 23:00:00.000 GMT+0200,4.33079,4.33357,4.31359,4.31359,31208.7002
04.10.2019 23:00:00.000 GMT+0200,4.31359,4.31359,4.31359,4.31359,0
05.10.2019 23:00:00.000 GMT+0200,4.31359,4.31359,4.31359,4.31359,0
06.10.2019 23:00:00.000 GMT+0200,4.31715,4.33446,4.31715,4.32606,28374.07
07.10.2019 23:00:00.000 GMT+0200,4.32532,4.33565,4.31865,4.32025,30145.600000000002
08.10.2019 23:00:00.000 GMT+0200,4.31914,4.32965,4.31665,4.32105,25302.490299999998
09.10.2019 23:00:00.000 GMT+0200,4.31949,4.32619,4.30806,4.30946,26224.31
10.10.2019 23:00:00.000 GMT+0200,4.30765,4.31285,4.29716,4.29905,26626.659999999996
11.10.2019 23:00:00.000 GMT+0200,4.29905,4.29905,4.29905,4.29905,0
12.10.2019 23:00:00.000 GMT+0200,4.29905,4.29905,4.29905,4.29905,0
13.10.2019 23:00:00.000 GMT+0200,4.30059,4.30626,4.29079,4.29545,34302.56999999999
14.10.2019 23:00:00.000 GMT+0200,4.29479,4.29880,4.28955,4.29076,28113.6
15.10.2019 23:00:00.000 GMT+0200,4.29037,4.30015,4.28096,4.28185,28389.9699
16.10.2019 23:00:00.000 GMT+0200,4.28117,4.29402,4.27687,4.28039,47150.6499
17.10.2019 23:00:00.000 GMT+0200,4.28039,4.28676,4.27695,4.27735,28510.18
18.10.2019 23:00:00.000 GMT+0200,4.27735,4.27735,4.27735,4.27735,0
19.10.2019 23:00:00.000 GMT+0200,4.27735,4.27735,4.27735,4.27735,0
20.10.2019 23:00:00.000 GMT+0200,4.27966,4.28286,4.27461,4.27576,36304.390100000004
21.10.2019 23:00:00.000 GMT+0200,4.27530,4.28058,4.26545,4.26825,37739.4596
22.10.2019 23:00:00.000 GMT+0200,4.26593,4.28125,4.26516,4.27235,53160.720199999996
23.10.2019 23:00:00.000 GMT+0200,4.27010,4.28232,4.26804,4.27796,23988.079900000004
24.10.2019 23:00:00.000 GMT+0200,4.27678,4.28015,4.26771,4.27253,20615.109999999997
25.10.2019 23:00:00.000 GMT+0200,4.27253,4.27253,4.27253,4.27253,0
26.10.2019 23:00:00.000 GMT+0200,4.27253,4.27253,4.27253,4.27253,0
27.10.2019 22:00:00.000 GMT+0100,4.27416,4.28315,4.26874,4.27235,29584.069999999996
28.10.2019 22:00:00.000 GMT+0100,4.27161,4.27605,4.26284,4.26855,27266.86
29.10.2019 22:00:00.000 GMT+0100,4.26826,4.26995,4.25515,4.25685,32562.0601
30.10.2019 22:00:00.000 GMT+0100,4.25661,4.26428,4.25481,4.26136,26067.6101
31.10.2019 22:00:00.000 GMT+0100,4.25906,4.26375,4.24772,4.24915,18396.7201
01.11.2019 22:00:00.000 GMT+0100,4.24915,4.24915,4.24915,4.24915,0
02.11.2019 22:00:00.000 GMT+0100,4.24915,4.24915,4.24915,4.24915,0
03.11.2019 23:00:00.000 GMT+0100,4.25135,4.26928,4.24964,4.26555,19879
04.11.2019 23:00:00.000 GMT+0100,4.26432,4.27119,4.25879,4.26327,20072.129999999997
05.11.2019 23:00:00.000 GMT+0100,4.26327,4.27359,4.26165,4.26375,20013.09
06.11.2019 23:00:00.000 GMT+0100,4.26204,4.26696,4.25431,4.25533,20689.109999999997
07.11.2019 23:00:00.000 GMT+0100,4.25538,4.26792,4.25525,4.26264,18917.57
08.11.2019 23:00:00.000 GMT+0100,4.26264,4.26264,4.26264,4.26264,0
09.11.2019 23:00:00.000 GMT+0100,4.26264,4.26264,4.26264,4.26264,0
10.11.2019 23:00:00.000 GMT+0100,4.25985,4.27646,4.25835,4.26715,21312.989999999998
11.11.2019 23:00:00.000 GMT+0100,4.26606,4.28258,4.26296,4.27835,25657.75
12.11.2019 23:00:00.000 GMT+0100,4.27835,4.29285,4.27435,4.29085,27103
13.11.2019 23:00:00.000 GMT+0100,4.29020,4.29670,4.27895,4.28246,20977.22
14.11.2019 23:00:00.000 GMT+0100,4.27993,4.28723,4.26862,4.26883,19716.450000000004
15.11.2019 23:00:00.000 GMT+0100,4.26883,4.26883,4.26883,4.26883,0
16.11.2019 23:00:00.000 GMT+0100,4.26883,4.26883,4.26883,4.26883,0
17.11.2019 23:00:00.000 GMT+0100,4.27038,4.29469,4.27036,4.29365,24196.98
18.11.2019 23:00:00.000 GMT+0100,4.29364,4.29624,4.28411,4.28436,25750.239900000004
19.11.2019 23:00:00.000 GMT+0100,4.28412,4.29662,4.28283,4.29425,30877.62
20.11.2019 23:00:00.000 GMT+0100,4.29366,4.29927,4.29155,4.29475,14371.369999999999
21.11.2019 23:00:00.000 GMT+0100,4.29248,4.29954,4.29237,4.29455,25909.98
22.11.2019 23:00:00.000 GMT+0100,4.29455,4.29455,4.29455,4.29455,0
23.11.2019 23:00:00.000 GMT+0100,4.29455,4.29455,4.29455,4.29455,0
24.11.2019 23:00:00.000 GMT+0100,4.29475,4.29932,4.29385,4.29676,22001.74
25.11.2019 23:00:00.000 GMT+0100,4.29662,4.30786,4.29459,4.30345,29216.25
26.11.2019 23:00:00.000 GMT+0100,4.30319,4.31288,4.30319,4.30825,28555.239999999998
27.11.2019 23:00:00.000 GMT+0100,4.30769,4.32448,4.30605,4.31473,23123.3501
28.11.2019 23:00:00.000 GMT+0100,4.31484,4.32824,4.30712,4.31156,22088.99
29.11.2019 23:00:00.000 GMT+0100,4.31156,4.31156,4.31156,4.31156,0
30.11.2019 23:00:00.000 GMT+0100,4.31156,4.31156,4.31156,4.31156,0
01.12.2019 23:00:00.000 GMT+0100,4.31175,4.31545,4.28085,4.28661,34639.04000000001
02.12.2019 23:00:00.000 GMT+0100,4.28661,4.29119,4.27935,4.28396,26098.4601
03.12.2019 23:00:00.000 GMT+0100,4.28144,4.28416,4.27415,4.27776,25200.2201
04.12.2019 23:00:00.000 GMT+0100,4.27776,4.27976,4.27226,4.27575,22521.22
05.12.2019 23:00:00.000 GMT+0100,4.27479,4.28409,4.26798,4.26799,18411.82
06.12.2019 23:00:00.000 GMT+0100,4.26799,4.26799,4.26799,4.26799,0
07.12.2019 23:00:00.000 GMT+0100,4.26799,4.26799,4.26799,4.26799,0
08.12.2019 23:00:00.000 GMT+0100,4.27375,4.28815,4.26681,4.28815,32956.85
09.12.2019 23:00:00.000 GMT+0100,4.28815,4.29058,4.28246,4.28947,40258.74
10.12.2019 23:00:00.000 GMT+0100,4.28947,4.29124,4.27896,4.28199,32692.62
11.12.2019 23:00:00.000 GMT+0100,4.28199,4.28780,4.27837,4.28375,32169.87
12.12.2019 23:00:00.000 GMT+0100,4.28303,4.29066,4.26222,4.26222,29167.430099999998
13.12.2019 23:00:00.000 GMT+0100,4.26222,4.26222,4.26222,4.26222,0
14.12.2019 23:00:00.000 GMT+0100,4.26222,4.26222,4.26222,4.26222,0
15.12.2019 23:00:00.000 GMT+0100,4.26648,4.28282,4.25495,4.25616,27639.58
16.12.2019 23:00:00.000 GMT+0100,4.25612,4.26533,4.25475,4.25805,17143.23
17.12.2019 23:00:00.000 GMT+0100,4.25465,4.27489,4.25405,4.26655,52960.190100000014
18.12.2019 23:00:00.000 GMT+0100,4.26544,4.27284,4.25255,4.26195,19702.35
19.12.2019 23:00:00.000 GMT+0100,4.26195,4.26256,4.25300,4.25465,26457.8401
20.12.2019 23:00:00.000 GMT+0100,4.25465,4.25465,4.25465,4.25465,0
21.12.2019 23:00:00.000 GMT+0100,4.25465,4.25465,4.25465,4.25465,0
22.12.2019 23:00:00.000 GMT+0100,4.25383,4.27471,4.25261,4.27095,39949.37
23.12.2019 23:00:00.000 GMT+0100,4.26808,4.27358,4.25215,4.25858,17660.81
24.12.2019 23:00:00.000 GMT+0100,4.25376,4.25925,4.25026,4.25082,1328
25.12.2019 23:00:00.000 GMT+0100,4.25339,4.26330,4.25337,4.25628,20128.59
26.12.2019 23:00:00.000 GMT+0100,4.25628,4.27111,4.25225,4.25328,19248.73
27.12.2019 23:00:00.000 GMT+0100,4.25328,4.25328,4.25328,4.25328,0
28.12.2019 23:00:00.000 GMT+0100,4.25328,4.25328,4.25328,4.25328,0
29.12.2019 23:00:00.000 GMT+0100,4.25712,4.26910,4.25233,4.25305,27650.120000000003
30.12.2019 23:00:00.000 GMT+0100,4.25234,4.26320,4.24977,4.25015,15400
31.12.2019 23:00:00.000 GMT+0100,4.25015,4.25015,4.25015,4.25015,0
01.01.2020 23:00:00.000 GMT+0100,4.25315,4.25793,4.23880,4.24026,38932.00000000001
02.01.2020 23:00:00.000 GMT+0100,4.23625,4.25838,4.23355,4.23955,43844.75
03.01.2020 23:00:00.000 GMT+0100,4.23955,4.23955,4.23955,4.23955,0
04.01.2020 23:00:00.000 GMT+0100,4.23955,4.23955,4.23955,4.23955,0
05.01.2020 23:00:00.000 GMT+0100,4.24152,4.25080,4.23040,4.23165,56549.810000000005
06.01.2020 23:00:00.000 GMT+0100,4.23157,4.24965,4.22967,4.24286,24977.72
07.01.2020 23:00:00.000 GMT+0100,4.24133,4.24941,4.23050,4.23148,21426.29
08.01.2020 23:00:00.000 GMT+0100,4.23148,4.24718,4.23028,4.24406,41230.240000000005
09.01.2020 23:00:00.000 GMT+0100,4.24406,4.24839,4.23125,4.23140,30875.3301
10.01.2020 23:00:00.000 GMT+0100,4.23140,4.23140,4.23140,4.23140,0
11.01.2020 23:00:00.000 GMT+0100,4.23140,4.23140,4.23140,4.23140,0
12.01.2020 23:00:00.000 GMT+0100,4.23186,4.24113,4.23185,4.23216,38517.86
13.01.2020 23:00:00.000 GMT+0100,4.23215,4.23605,4.20647,4.21736,17923.9701
14.01.2020 23:00:00.000 GMT+0100,4.21575,4.23274,4.21575,4.22872,23798.649999999998
15.01.2020 23:00:00.000 GMT+0100,4.22872,4.23788,4.22185,4.23045,37375.7498
16.01.2020 23:00:00.000 GMT+0100,4.22731,4.24350,4.22423,4.23226,23704.950000000004
17.01.2020 23:00:00.000 GMT+0100,4.23226,4.23226,4.23226,4.23226,0
18.01.2020 23:00:00.000 GMT+0100,4.23226,4.23226,4.23226,4.23226,0
19.01.2020 23:00:00.000 GMT+0100,4.23876,4.24626,4.23391,4.24186,13419.970000000001
20.01.2020 23:00:00.000 GMT+0100,4.24120,4.24811,4.22655,4.22805,25351.340000000004
21.01.2020 23:00:00.000 GMT+0100,4.22577,4.24098,4.22577,4.23725,31984.679899999996
22.01.2020 23:00:00.000 GMT+0100,4.23555,4.24820,4.23555,4.24546,14544.6599
23.01.2020 23:00:00.000 GMT+0100,4.24477,4.26062,4.23676,4.25177,27163.86
24.01.2020 23:00:00.000 GMT+0100,4.25177,4.25177,4.25177,4.25177,0
25.01.2020 23:00:00.000 GMT+0100,4.25177,4.25177,4.25177,4.25177,0
26.01.2020 23:00:00.000 GMT+0100,4.25228,4.27883,4.25195,4.27686,22087.72
27.01.2020 23:00:00.000 GMT+0100,4.27619,4.28263,4.26545,4.26855,26892.83
28.01.2020 23:00:00.000 GMT+0100,4.26566,4.28592,4.26566,4.28525,20936.379999999997
29.01.2020 23:00:00.000 GMT+0100,4.28447,4.29590,4.27785,4.29339,20242.3601
30.01.2020 23:00:00.000 GMT+0100,4.29339,4.30686,4.28925,4.29013,18945.999999999996
31.01.2020 23:00:00.000 GMT+0100,4.29013,4.29013,4.29013,4.29013,0
01.02.2020 23:00:00.000 GMT+0100,4.29013,4.29013,4.29013,4.29013,0
02.02.2020 23:00:00.000 GMT+0100,4.29576,4.30451,4.28865,4.29555,17913.040100000002
03.02.2020 23:00:00.000 GMT+0100,4.29477,4.30015,4.27029,4.27490,26024.510000000002
04.02.2020 23:00:00.000 GMT+0100,4.27490,4.27707,4.23545,4.24335,22335.74
05.02.2020 23:00:00.000 GMT+0100,4.24334,4.25896,4.24079,4.25825,17756.2601
06.02.2020 23:00:00.000 GMT+0100,4.25786,4.27480,4.25729,4.26985,22602.329999999998
07.02.2020 23:00:00.000 GMT+0100,4.26985,4.26985,4.26985,4.26985,0
08.02.2020 23:00:00.000 GMT+0100,4.26985,4.26985,4.26985,4.26985,0
09.02.2020 23:00:00.000 GMT+0100,4.27416,4.27416,4.26105,4.26495,35182.570100000004
10.02.2020 23:00:00.000 GMT+0100,4.26323,4.26725,4.24875,4.25506,22279.0001
11.02.2020 23:00:00.000 GMT+0100,4.25443,4.26086,4.24856,4.25075,17427.99
12.02.2020 23:00:00.000 GMT+0100,4.24978,4.26066,4.24300,4.24515,18532.010100000007
13.02.2020 23:00:00.000 GMT+0100,4.24316,4.25335,4.23662,4.24375,21199.209899999998
14.02.2020 23:00:00.000 GMT+0100,4.24375,4.24375,4.24375,4.24375,0
15.02.2020 23:00:00.000 GMT+0100,4.24375,4.24375,4.24375,4.24375,0
16.02.2020 23:00:00.000 GMT+0100,4.24578,4.26389,4.24405,4.25596,27561.500200000002
17.02.2020 23:00:00.000 GMT+0100,4.25575,4.27706,4.25356,4.26625,25112.8701
18.02.2020 23:00:00.000 GMT+0100,4.26615,4.27431,4.26425,4.26527,22700.7499
19.02.2020 23:00:00.000 GMT+0100,4.26527,4.28487,4.26497,4.27865,17753.25
20.02.2020 23:00:00.000 GMT+0100,4.27745,4.29387,4.27425,4.28192,22629.5399
21.02.2020 23:00:00.000 GMT+0100,4.28192,4.28192,4.28192,4.28192,0
22.02.2020 23:00:00.000 GMT+0100,4.28192,4.28192,4.28192,4.28192,0
23.02.2020 23:00:00.000 GMT+0100,4.28977,4.30618,4.28977,4.30337,37460.2796
24.02.2020 23:00:00.000 GMT+0100,4.30337,4.30655,4.28795,4.30496,34513.5298